regime,sigma,review_h,arch,mean,sem
normal,0.2,1,D0,33346.80195286705,2804.25847230282
normal,0.2,1,D1,187.85435578107155,57.37553203012461
normal,0.2,1,D2,74.8310446084741,38.18033951428526
normal,0.2,1,D2T,81.0984039168089,35.37891304156947
normal,0.2,3,D0,33346.80195286705,2804.25847230282
normal,0.2,3,D1,72.08690271822073,62.06110988522998
normal,0.2,3,D2,74.8310446084741,38.18033951428526
normal,0.2,3,D2T,81.0984039168089,35.37891304156947
normal,0.2,6,D0,33346.80195286705,2804.25847230282
normal,0.2,6,D1,85.53405970525338,45.76488321912764
normal,0.2,6,D2,74.8310446084741,38.18033951428526
normal,0.2,6,D2T,82.0021548836374,37.07299723828904
normal,0.2,12,D0,33346.80195286705,2804.25847230282
normal,0.2,12,D1,401.67677050695636,81.5289731638353
normal,0.2,12,D2,74.8310446084741,38.18033951428526
normal,0.2,12,D2T,82.3027866753192,35.320847524098404
normal,0.2,24,D0,33346.80195286705,2804.25847230282
normal,0.2,24,D1,2025.3732481812563,117.04399409573364
normal,0.2,24,D2,74.8310446084741,38.18033951428526
normal,0.2,24,D2T,97.457450731271,35.46461312565427
normal,0.2,48,D0,33346.80195286705,2804.25847230282
normal,0.2,48,D1,6879.438434761783,175.86472567919805
normal,0.2,48,D2,74.8310446084741,38.18033951428526
normal,0.2,48,D2T,121.67871422359369,34.76811945460058
normal,0.35,1,D0,33346.80195286705,2804.25847230282
normal,0.35,1,D1,188.30805902297132,58.353895948629024
normal,0.35,1,D2,23.253904903802365,39.766525810523866
normal,0.35,1,D2T,36.210287800764,31.698305993082375
normal,0.35,3,D0,33346.80195286705,2804.25847230282
normal,0.35,3,D1,100.61955474293933,72.3426440505766
normal,0.35,3,D2,23.253904903802365,39.766525810523866
normal,0.35,3,D2T,0.010698368080133492,40.960135875542086
normal,0.35,6,D0,33346.80195286705,2804.25847230282
normal,0.35,6,D1,100.80374361207842,47.78146478457195
normal,0.35,6,D2,23.253904903802365,39.766525810523866
normal,0.35,6,D2T,40.027598612439895,42.61908264567811
normal,0.35,12,D0,33346.80195286705,2804.25847230282
normal,0.35,12,D1,415.51820625729044,85.5828303803568
normal,0.35,12,D2,23.253904903802365,39.766525810523866
normal,0.35,12,D2T,100.44659504333828,60.97741114152879
normal,0.35,24,D0,33346.80195286705,2804.25847230282
normal,0.35,24,D1,2042.890891630176,113.22639334280426
normal,0.35,24,D2,23.253904903802365,39.766525810523866
normal,0.35,24,D2T,394.9626751758198,63.44265779813422
normal,0.35,48,D0,33346.80195286705,2804.25847230282
normal,0.35,48,D1,6904.712773790547,189.09917017743814
normal,0.35,48,D2,23.253904903802365,39.766525810523866
normal,0.35,48,D2T,1276.088917788093,83.06370763549035
normal,0.5,1,D0,33346.80195286705,2804.25847230282
normal,0.5,1,D1,258.921282763304,50.99980868948887
normal,0.5,1,D2,99.41723286864432,42.02715915912601
normal,0.5,1,D2T,148.50659165650774,37.97790623175686
normal,0.5,3,D0,33346.80195286705,2804.25847230282
normal,0.5,3,D1,119.3019412669476,55.59400510659053
normal,0.5,3,D2,99.41723286864432,42.02715915912601
normal,0.5,3,D2T,129.70975054489736,52.72868245030989
normal,0.5,6,D0,33346.80195286705,2804.25847230282
normal,0.5,6,D1,175.15919759127252,53.491683139259415
normal,0.5,6,D2,99.41723286864432,42.02715915912601
normal,0.5,6,D2T,155.76182350977328,60.40988649009509
normal,0.5,12,D0,33346.80195286705,2804.25847230282
normal,0.5,12,D1,438.0083108524574,79.12448998258064
normal,0.5,12,D2,99.41723286864432,42.02715915912601
normal,0.5,12,D2T,281.2036932753612,70.35767463640119
normal,0.5,24,D0,33346.80195286705,2804.25847230282
normal,0.5,24,D1,2050.34571621035,103.8689426953901
normal,0.5,24,D2,99.41723286864432,42.02715915912601
normal,0.5,24,D2T,1075.9982379511662,140.2636830148099
normal,0.5,48,D0,33346.80195286705,2804.25847230282
normal,0.5,48,D1,6914.514819418191,191.38571512406025
normal,0.5,48,D2,99.41723286864432,42.02715915912601
normal,0.5,48,D2T,3416.606245743834,183.24348039141603
normal,0.75,1,D0,33346.80195286705,2804.25847230282
normal,0.75,1,D1,266.6148661235587,44.399856739012506
normal,0.75,1,D2,237.62503080343672,59.749409759271664
normal,0.75,1,D2T,272.04360540554416,34.23992216661366
normal,0.75,3,D0,33346.80195286705,2804.25847230282
normal,0.75,3,D1,205.2967374666535,44.16196053614478
normal,0.75,3,D2,237.62503080343672,59.749409759271664
normal,0.75,3,D2T,232.30564155831516,49.55029312637422
normal,0.75,6,D0,33346.80195286705,2804.25847230282
normal,0.75,6,D1,208.97808035484104,52.71381551855913
normal,0.75,6,D2,237.62503080343672,59.749409759271664
normal,0.75,6,D2T,216.47726688369303,56.3762640294575
normal,0.75,12,D0,33346.80195286705,2804.25847230282
normal,0.75,12,D1,492.0382492353274,80.01678528164649
normal,0.75,12,D2,237.62503080343672,59.749409759271664
normal,0.75,12,D2T,449.8979040904019,61.04396796439728
normal,0.75,24,D0,33346.80195286705,2804.25847230282
normal,0.75,24,D1,2037.9724674709869,109.80988882923242
normal,0.75,24,D2,237.62503080343672,59.749409759271664
normal,0.75,24,D2T,1823.1208045809185,117.33397342674209
normal,0.75,48,D0,33346.80195286705,2804.25847230282
normal,0.75,48,D1,6955.753641907801,216.78685006251177
normal,0.75,48,D2,237.62503080343672,59.749409759271664
normal,0.75,48,D2T,6036.064724351525,221.30564817043785
normal,1.0,1,D0,33346.80195286705,2804.25847230282
normal,1.0,1,D1,290.3508065310199,50.7183785575528
normal,1.0,1,D2,332.97319820846127,41.85424133109836
normal,1.0,1,D2T,280.5597740189525,52.53280931456458
normal,1.0,3,D0,33346.80195286705,2804.25847230282
normal,1.0,3,D1,257.2702603933693,44.36391190233958
normal,1.0,3,D2,332.97319820846127,41.85424133109836
normal,1.0,3,D2T,254.6748897597476,52.55860112440915
normal,1.0,6,D0,33346.80195286705,2804.25847230282
normal,1.0,6,D1,174.354861020261,57.271147941353654
normal,1.0,6,D2,332.97319820846127,41.85424133109836
normal,1.0,6,D2T,203.3017764449669,53.902860856357705
normal,1.0,12,D0,33346.80195286705,2804.25847230282
normal,1.0,12,D1,501.0675213220512,76.06634772921656
normal,1.0,12,D2,332.97319820846127,41.85424133109836
normal,1.0,12,D2T,501.4674732243834,78.27611384984317
normal,1.0,24,D0,33346.80195286705,2804.25847230282
normal,1.0,24,D1,2057.776591125331,109.59602982924318
normal,1.0,24,D2,332.97319820846127,41.85424133109836
normal,1.0,24,D2T,2016.046338366538,107.18545016631224
normal,1.0,48,D0,33346.80195286705,2804.25847230282
normal,1.0,48,D1,6970.032463297925,198.73835892233666
normal,1.0,48,D2,332.97319820846127,41.85424133109836
normal,1.0,48,D2T,6756.740096228226,194.5197115554363
normal,1.25,1,D0,33346.80195286705,2804.25847230282
normal,1.25,1,D1,328.0641527921354,58.110846048625724
normal,1.25,1,D2,522.8453666390324,45.95254269960918
normal,1.25,1,D2T,333.73904223222473,59.25729657436697
normal,1.25,3,D0,33346.80195286705,2804.25847230282
normal,1.25,3,D1,264.7900936828181,57.31409419788536
normal,1.25,3,D2,522.8453666390324,45.95254269960918
normal,1.25,3,D2T,269.45415264935843,61.13803191070991
normal,1.25,6,D0,33346.80195286705,2804.25847230282
normal,1.25,6,D1,213.13379570632486,52.474967533624266
normal,1.25,6,D2,522.8453666390324,45.95254269960918
normal,1.25,6,D2T,217.67403308759927,52.680936367658056
normal,1.25,12,D0,33346.80195286705,2804.25847230282
normal,1.25,12,D1,512.1991674896351,77.1340281435681
normal,1.25,12,D2,522.8453666390324,45.95254269960918
normal,1.25,12,D2T,514.5202196286135,78.37322369485706
normal,1.25,24,D0,33346.80195286705,2804.25847230282
normal,1.25,24,D1,2067.087771200122,114.46095305020359
normal,1.25,24,D2,522.8453666390324,45.95254269960918
normal,1.25,24,D2T,2066.0654389504957,113.16379880500381
normal,1.25,48,D0,33346.80195286705,2804.25847230282
normal,1.25,48,D1,6980.392522654099,189.97292327744097
normal,1.25,48,D2,522.8453666390324,45.95254269960918
normal,1.25,48,D2T,6932.065073538423,194.4517040088063
normal,1.5,1,D0,33346.80195286705,2804.25847230282
normal,1.5,1,D1,354.01164302196645,36.12441930057471
normal,1.5,1,D2,622.7396287070522,35.08569951710132
normal,1.5,1,D2T,352.0388882247278,35.87937202620695
normal,1.5,3,D0,33346.80195286705,2804.25847230282
normal,1.5,3,D1,323.68535582416933,43.15384228424744
normal,1.5,3,D2,622.7396287070522,35.08569951710132
normal,1.5,3,D2T,321.6978026970804,42.96692149574542
normal,1.5,6,D0,33346.80195286705,2804.25847230282
normal,1.5,6,D1,265.9037649683633,49.823560979834326
normal,1.5,6,D2,622.7396287070522,35.08569951710132
normal,1.5,6,D2T,268.63321104656296,50.63115545304261
normal,1.5,12,D0,33346.80195286705,2804.25847230282
normal,1.5,12,D1,530.8369672405008,72.90309826481395
normal,1.5,12,D2,622.7396287070522,35.08569951710132
normal,1.5,12,D2T,530.811150098152,72.90998826586826
normal,1.5,24,D0,33346.80195286705,2804.25847230282
normal,1.5,24,D1,2087.8467963549365,110.31264853166708
normal,1.5,24,D2,622.7396287070522,35.08569951710132
normal,1.5,24,D2T,2086.4318064870145,110.25335145193402
normal,1.5,48,D0,33346.80195286705,2804.25847230282
normal,1.5,48,D1,6962.76079560614,191.20226002278295
normal,1.5,48,D2,622.7396287070522,35.08569951710132
normal,1.5,48,D2T,6930.815556184958,200.0082855821747
shift,0.2,1,D0,143726.69811404808,23786.72048423598
shift,0.2,1,D1,928.0063717528076,148.33849845873004
shift,0.2,1,D2,1136.1433674593804,102.97551664850081
shift,0.2,1,D2T,1149.1396360431918,102.22070397585057
shift,0.2,3,D0,143726.69811404808,23786.72048423598
shift,0.2,3,D1,786.3535742247382,128.80878148643134
shift,0.2,3,D2,1136.1433674593804,102.97551664850081
shift,0.2,3,D2T,1148.9827401758312,102.21453294130403
shift,0.2,6,D0,143726.69811404808,23786.72048423598
shift,0.2,6,D1,851.290818143485,119.54225539035771
shift,0.2,6,D2,1136.1433674593804,102.97551664850081
shift,0.2,6,D2T,1146.3655666193217,102.47164840922147
shift,0.2,12,D0,143726.69811404808,23786.72048423598
shift,0.2,12,D1,1308.3689673085591,157.91155216521386
shift,0.2,12,D2,1136.1433674593804,102.97551664850081
shift,0.2,12,D2T,1142.8069018852696,101.88152243660302
shift,0.2,24,D0,143726.69811404808,23786.72048423598
shift,0.2,24,D1,2843.7643707469056,213.54743085863095
shift,0.2,24,D2,1136.1433674593804,102.97551664850081
shift,0.2,24,D2T,1149.217790322266,103.68148620817087
shift,0.2,48,D0,143726.69811404808,23786.72048423598
shift,0.2,48,D1,7118.664918966162,327.6769060796146
shift,0.2,48,D2,1136.1433674593804,102.97551664850081
shift,0.2,48,D2T,1164.0066923980075,120.286753047056
shift,0.35,1,D0,143726.69811404808,23786.72048423598
shift,0.35,1,D1,976.1124979224576,134.90932475562627
shift,0.35,1,D2,1113.5551901181266,127.71060841422002
shift,0.35,1,D2T,1125.9066147617984,160.43776188203492
shift,0.35,3,D0,143726.69811404808,23786.72048423598
shift,0.35,3,D1,845.35859070407,156.2438619628723
shift,0.35,3,D2,1113.5551901181266,127.71060841422002
shift,0.35,3,D2T,1123.5294676003937,149.69749039894754
shift,0.35,6,D0,143726.69811404808,23786.72048423598
shift,0.35,6,D1,852.757826815877,129.18665865572532
shift,0.35,6,D2,1113.5551901181266,127.71060841422002
shift,0.35,6,D2T,1086.5065854694244,143.08975493606323
shift,0.35,12,D0,143726.69811404808,23786.72048423598
shift,0.35,12,D1,1269.8905199321448,161.0312487539722
shift,0.35,12,D2,1113.5551901181266,127.71060841422002
shift,0.35,12,D2T,1132.6326741830067,137.44664899737816
shift,0.35,24,D0,143726.69811404808,23786.72048423598
shift,0.35,24,D1,2856.605106159495,204.85454862630473
shift,0.35,24,D2,1113.5551901181266,127.71060841422002
shift,0.35,24,D2T,1471.771601639049,128.38933761696745
shift,0.35,48,D0,143726.69811404808,23786.72048423598
shift,0.35,48,D1,7124.29346219796,324.43904816699404
shift,0.35,48,D2,1113.5551901181266,127.71060841422002
shift,0.35,48,D2T,2104.9578750921587,119.82738240374583
shift,0.5,1,D0,143726.69811404808,23786.72048423598
shift,0.5,1,D1,924.0911314311567,128.94255667640832
shift,0.5,1,D2,1207.1508000062881,124.53934385914539
shift,0.5,1,D2T,1078.7908795713058,147.45806930613608
shift,0.5,3,D0,143726.69811404808,23786.72048423598
shift,0.5,3,D1,826.013405471294,140.9267904275116
shift,0.5,3,D2,1207.1508000062881,124.53934385914539
shift,0.5,3,D2T,1002.092038845537,143.53435982017018
shift,0.5,6,D0,143726.69811404808,23786.72048423598
shift,0.5,6,D1,825.618187963553,130.07870898936048
shift,0.5,6,D2,1207.1508000062881,124.53934385914539
shift,0.5,6,D2T,1006.7163658614185,155.15092302350843
shift,0.5,12,D0,143726.69811404808,23786.72048423598
shift,0.5,12,D1,1255.0180308009972,162.97565245232812
shift,0.5,12,D2,1207.1508000062881,124.53934385914539
shift,0.5,12,D2T,1204.6512858524359,144.42700774279885
shift,0.5,24,D0,143726.69811404808,23786.72048423598
shift,0.5,24,D1,2890.17978821686,198.39098592120808
shift,0.5,24,D2,1207.1508000062881,124.53934385914539
shift,0.5,24,D2T,1887.04905960527,202.25312137652824
shift,0.5,48,D0,143726.69811404808,23786.72048423598
shift,0.5,48,D1,7145.521513308256,329.5587343279579
shift,0.5,48,D2,1207.1508000062881,124.53934385914539
shift,0.5,48,D2T,3836.3090507038373,275.4102219166651
shift,0.75,1,D0,143726.69811404808,23786.72048423598
shift,0.75,1,D1,832.4038282247184,134.3257242639805
shift,0.75,1,D2,1257.9617861737493,131.3021312278373
shift,0.75,1,D2T,971.9806969664744,143.2200550834453
shift,0.75,3,D0,143726.69811404808,23786.72048423598
shift,0.75,3,D1,880.7194052805269,140.4781164093716
shift,0.75,3,D2,1257.9617861737493,131.3021312278373
shift,0.75,3,D2T,886.841194752413,137.75096660817556
shift,0.75,6,D0,143726.69811404808,23786.72048423598
shift,0.75,6,D1,861.4207205019972,132.06918556652127
shift,0.75,6,D2,1257.9617861737493,131.3021312278373
shift,0.75,6,D2T,933.9266742423193,140.397807242288
shift,0.75,12,D0,143726.69811404808,23786.72048423598
shift,0.75,12,D1,1221.0302995401817,161.48083250043345
shift,0.75,12,D2,1257.9617861737493,131.3021312278373
shift,0.75,12,D2T,1216.0006895792587,151.53490767390045
shift,0.75,24,D0,143726.69811404808,23786.72048423598
shift,0.75,24,D1,2793.552442551879,220.71665085511322
shift,0.75,24,D2,1257.9617861737493,131.3021312278373
shift,0.75,24,D2T,2503.4921163745685,199.62762393690554
shift,0.75,48,D0,143726.69811404808,23786.72048423598
shift,0.75,48,D1,7185.368189367184,316.8297243033867
shift,0.75,48,D2,1257.9617861737493,131.3021312278373
shift,0.75,48,D2T,6137.1806693515155,361.337947792233
shift,1.0,1,D0,143726.69811404808,23786.72048423598
shift,1.0,1,D1,922.5548913929645,147.71156316165914
shift,1.0,1,D2,1426.4230145394617,169.6428214242559
shift,1.0,1,D2T,944.6194380833543,152.47693300898803
shift,1.0,3,D0,143726.69811404808,23786.72048423598
shift,1.0,3,D1,850.9017205883471,139.1474367350875
shift,1.0,3,D2,1426.4230145394617,169.6428214242559
shift,1.0,3,D2T,879.4616249180656,138.65876282443728
shift,1.0,6,D0,143726.69811404808,23786.72048423598
shift,1.0,6,D1,895.975345767778,160.09387492230553
shift,1.0,6,D2,1426.4230145394617,169.6428214242559
shift,1.0,6,D2T,937.1223877730521,156.36267034330658
shift,1.0,12,D0,143726.69811404808,23786.72048423598
shift,1.0,12,D1,1252.3423015998078,170.38881023795852
shift,1.0,12,D2,1426.4230145394617,169.6428214242559
shift,1.0,12,D2T,1273.8668907137142,165.21877410407663
shift,1.0,24,D0,143726.69811404808,23786.72048423598
shift,1.0,24,D1,2791.715546165759,212.2748825397103
shift,1.0,24,D2,1426.4230145394617,169.6428214242559
shift,1.0,24,D2T,2766.4145501921603,217.55431353918678
shift,1.0,48,D0,143726.69811404808,23786.72048423598
shift,1.0,48,D1,7220.724000280939,320.66544097334565
shift,1.0,48,D2,1426.4230145394617,169.6428214242559
shift,1.0,48,D2T,7047.309743200143,326.6565220903616
shift,1.25,1,D0,143726.69811404808,23786.72048423598
shift,1.25,1,D1,1077.8506361872817,120.83035817625014
shift,1.25,1,D2,1657.4977391901364,179.95529323246134
shift,1.25,1,D2T,1086.8174273680709,125.35306018855852
shift,1.25,3,D0,143726.69811404808,23786.72048423598
shift,1.25,3,D1,981.0631449005723,134.34348952345835
shift,1.25,3,D2,1657.4977391901364,179.95529323246134
shift,1.25,3,D2T,981.8058967861832,134.91604137208773
shift,1.25,6,D0,143726.69811404808,23786.72048423598
shift,1.25,6,D1,961.2415467229719,158.68180800759586
shift,1.25,6,D2,1657.4977391901364,179.95529323246134
shift,1.25,6,D2T,965.5350840681264,158.67869535447022
shift,1.25,12,D0,143726.69811404808,23786.72048423598
shift,1.25,12,D1,1258.7682046000061,161.4086570087373
shift,1.25,12,D2,1657.4977391901364,179.95529323246134
shift,1.25,12,D2T,1259.3974492796456,161.71349714317458
shift,1.25,24,D0,143726.69811404808,23786.72048423598
shift,1.25,24,D1,2797.898336948237,227.7409060910503
shift,1.25,24,D2,1657.4977391901364,179.95529323246134
shift,1.25,24,D2T,2810.27354008338,224.49980619950801
shift,1.25,48,D0,143726.69811404808,23786.72048423598
shift,1.25,48,D1,7248.435051374094,326.2176683726345
shift,1.25,48,D2,1657.4977391901364,179.95529323246134
shift,1.25,48,D2T,7220.693219337054,315.4572350981179
shift,1.5,1,D0,143726.69811404808,23786.72048423598
shift,1.5,1,D1,1233.8793076981697,128.05816589816646
shift,1.5,1,D2,1859.4724199343023,177.82456711456166
shift,1.5,1,D2T,1234.8828288249301,127.57011144370172
shift,1.5,3,D0,143726.69811404808,23786.72048423598
shift,1.5,3,D1,1102.7413622584556,123.50143323482482
shift,1.5,3,D2,1859.4724199343023,177.82456711456166
shift,1.5,3,D2T,1103.7448833852163,123.09904660490402
shift,1.5,6,D0,143726.69811404808,23786.72048423598
shift,1.5,6,D1,1068.4628425460437,157.02455441469704
shift,1.5,6,D2,1859.4724199343023,177.82456711456166
shift,1.5,6,D2T,1069.3261802265195,156.82839324133556
shift,1.5,12,D0,143726.69811404808,23786.72048423598
shift,1.5,12,D1,1299.769077915879,182.8228094979357
shift,1.5,12,D2,1859.4724199343023,177.82456711456166
shift,1.5,12,D2T,1298.753896189895,182.60679763250968
shift,1.5,24,D0,143726.69811404808,23786.72048423598
shift,1.5,24,D1,2811.602283585823,223.41141920003187
shift,1.5,24,D2,1859.4724199343023,177.82456711456166
shift,1.5,24,D2T,2831.912947512394,223.91431947770323
shift,1.5,48,D0,143726.69811404808,23786.72048423598
shift,1.5,48,D1,7296.242776000926,341.2453655597231
shift,1.5,48,D2,1859.4724199343023,177.82456711456166
shift,1.5,48,D2T,7289.580888001954,342.0182441768539
